1,BS-CS-19,Fall-19,30/6/2019,30/6/2019
2,BS-CS-19,Fall-19,31/12/2019,31/12/2019
3,BS-CS-20,Fall-20,30/6/2020,30/6/2020
4,BS-CS-20,Fall-20,30/6/2020,30/6/2020
5,BS-CS-21,Fall-21,31/12/2021,31/12/2021
6,BS-CS-21,Fall-21,30/6/2021,30/6/2021
7,BS-CS-22,Fall-22,31/12/2022,31/12/2022
8,BS-CS-22,Fall-22,30/6/2022,30/6/2022
9,BS-CS-23,Fall-23,31/12/2023,31/12/2023
10,BS-CS-23,Fall-23,30/6/2023,30/6/2023
11,BS-CS-24,Fall-24,31/12/2024,31/12/2024
12,BS-CS-24,Fall-24,30/6/2024,30/6/2024
13,BS-CS-25,Fall-25,31/12/2025,31/12/2025
14,BS-CS-25,Fall-25,30/6/2025,30/6/2025
15,BS-CS-26,Fall-26,30/6/2026,30/6/2026
